,Product Name,Price,Description,Reviews
0,"vivo T2x 5G (Aurora Gold, 128 GB)","₹12,999",4 GB RAM | 128 GB ROM16.71 cm (6.58 inch) Full HD+ Display50MP + 2MP | 8MP Front Camera5000 mAh BatteryDimensity 6020 Processor1 Year of Device & 6 Months for Inbox Accessories,4.5
1,"vivo T2x 5G (Glimmer Black, 128 GB)","₹13,999",6 GB RAM | 128 GB ROM16.71 cm (6.58 inch) Full HD+ Display50MP + 2MP | 8MP Front Camera5000 mAh BatteryDimensity 6020 Processor1 Year of Device & 6 Months for Inbox Accessories,4.5
2,"vivo T2x 5G (Glimmer Black, 128 GB)","₹15,999",8 GB RAM | 128 GB ROM16.71 cm (6.58 inch) Full HD+ Display50MP + 2MP | 8MP Front Camera5000 mAh BatteryDimensity 6020 Processor1 Year of Device & 6 Months for Inbox Accessories,4.4
3,"vivo T2x 5G (Marine Blue, 128 GB)","₹13,999",6 GB RAM | 128 GB ROM16.71 cm (6.58 inch) Full HD+ Display50MP + 2MP | 8MP Front Camera5000 mAh BatteryDimensity 6020 Processor1 Year of Device & 6 Months for Inbox Accessories,4.5
4,"vivo T2x 5G (Aurora Gold, 128 GB)","₹15,999",8 GB RAM | 128 GB ROM16.71 cm (6.58 inch) Full HD+ Display50MP + 2MP | 8MP Front Camera5000 mAh BatteryDimensity 6020 Processor1 Year of Device & 6 Months for Inbox Accessories,4.4
5,"vivo T2x 5G (Aurora Gold, 128 GB)","₹13,999",6 GB RAM | 128 GB ROM16.71 cm (6.58 inch) Full HD+ Display50MP + 2MP | 8MP Front Camera5000 mAh BatteryDimensity 6020 Processor1 Year of Device & 6 Months for Inbox Accessories,4.5
6,"vivo T2x 5G (Marine Blue, 128 GB)","₹12,999",4 GB RAM | 128 GB ROM16.71 cm (6.58 inch) Full HD+ Display50MP + 2MP | 8MP Front Camera5000 mAh BatteryDimensity 6020 Processor1 Year of Device & 6 Months for Inbox Accessories,4.5
7,"vivo T2x 5G (Marine Blue, 128 GB)","₹15,999",8 GB RAM | 128 GB ROM16.71 cm (6.58 inch) Full HD+ Display50MP + 2MP | 8MP Front Camera5000 mAh BatteryDimensity 6020 Processor1 Year of Device & 6 Months for Inbox Accessories,4.4
8,"vivo T2x 5G (Glimmer Black, 128 GB)","₹12,999",4 GB RAM | 128 GB ROM16.71 cm (6.58 inch) Full HD+ Display50MP + 2MP | 8MP Front Camera5000 mAh BatteryDimensity 6020 Processor1 Year of Device & 6 Months for Inbox Accessories,4.5
9,"POCO M4 5G (Yellow, 64 GB)","₹12,999",4 GB RAM | 64 GB ROM | Expandable Upto 512 GB16.71 cm (6.58 inch) Full HD+ Display50MP + 2MP | 8MP Front Camera5000 mAh Lithium Ion Polymer BatteryMediatek Dimensity 700 Processor1 Year Warranty for Handset and 6 Months for Accessories,4.2
10,"MOTOROLA G62 5G (Midnight Gray, 128 GB)","₹15,499",6 GB RAM | 128 GB ROM16.64 cm (6.55 inch) Full HD+ Display50MP + 8MP + 2MP | 16MP Front Camera5000 mAh Lithium Polymer BatteryQualcomm Snapdragon 695 5G Processor1 Year on Handset and 6 Months on Accessories,4.2
11,"APPLE iPhone 14 (Midnight, 128 GB)","₹70,999","128 GB ROM15.49 cm (6.1 inch) Super Retina XDR Display12MP + 12MP | 12MP Front CameraA15 Bionic Chip, 6 Core Processor Processor1 Year Warranty for Phone and 6 Months Warranty for In-Box Accessories",4.6
12,"POCO M4 5G (Yellow, 128 GB)","₹14,999",6 GB RAM | 128 GB ROM | Expandable Upto 512 GB16.71 cm (6.58 inch) Full HD+ Display50MP + 2MP | 8MP Front Camera5000 mAh Lithium Ion Polymer BatteryMediatek Dimensity 700 Processor1 Year Warranty for Handset and 6 Months for Accessories,4.2
13,"SAMSUNG Galaxy M33 5G (Emarld Brown, 128 GB)","₹16,288",6 GB RAM | 128 GB ROM16.76 cm (6.6 inch) Display50MP Rear Camera6000 mAh Battery1 Year Warranty,4.2
14,"vivo T2 5G (Velocity Wave, 128 GB)","₹18,999",6 GB RAM | 128 GB ROM16.21 cm (6.38 inch) Full HD+ Display64 MP (OIS) + 2MP | 16MP Front Camera4500 mAh BatterySnapdragon 695 Processor1 Year of Device & 6 Months for Inbox Accessories,4.5
15,"vivo T2 5G (Nitro Blaze, 128 GB)","₹20,999",8 GB RAM | 128 GB ROM16.21 cm (6.38 inch) Full HD+ Display64 MP (OIS) + 2MP | 16MP Front Camera4500 mAh BatterySnapdragon 695 Processor1 Year of Device & 6 Months for Inbox Accessories,4.4
16,"vivo T2 5G (Nitro Blaze, 128 GB)","₹18,999",6 GB RAM | 128 GB ROM16.21 cm (6.38 inch) Full HD+ Display64 MP (OIS) + 2MP | 16MP Front Camera4500 mAh BatterySnapdragon 695 Processor1 Year of Device & 6 Months for Inbox Accessories,4.5
17,"vivo T2 5G (Velocity Wave, 128 GB)","₹20,999",8 GB RAM | 128 GB ROM16.21 cm (6.38 inch) Full HD+ Display64 MP (OIS) + 2MP | 16MP Front Camera4500 mAh BatterySnapdragon 695 Processor1 Year of Device & 6 Months for Inbox Accessories,4.4
18,"MOTOROLA g73 5G (Midnight Blue, 128 GB)","₹16,999",8 GB RAM | 128 GB ROM | Expandable Upto 1 TB16.51 cm (6.5 inch) Full HD+ Display50MP + 8MP | 16MP Front Camera5000 mAh BatteryMediatek Dimensity 930 Processor1 Year Manufacturer Warranty for Phone and 6 Months Warranty for In the Box Accessories,3.9
19,"MOTOROLA G62 5G (Midnight Gray, 128 GB)","₹16,499",8 GB RAM | 128 GB ROM16.64 cm (6.55 inch) Full HD+ Display50MP + 8MP + 2MP | 16MP Front Camera5000 mAh Lithium Polymer BatteryQualcomm Snapdragon 695 5G Processor1 Year on Handset and 6 Months on Accessories,4.1
20,"POCO X5 5G (Supernova Green, 128 GB)","₹18,999",6 GB RAM | 128 GB ROM | Expandable Upto 1 TB16.94 cm (6.67 inch) Full HD+ Display48MP + 8MP + 2MP | 13MP Front Camera5000 mAh BatteryQualcomm Snapdragon 695 Processor1 Year Manufacturer Warranty for Phone and 6 Months Warranty for In the Box Accessories,4.2
21,"MOTOROLA G62 5G (Frosted Blue, 128 GB)","₹16,499",8 GB RAM | 128 GB ROM16.64 cm (6.55 inch) Full HD+ Display50MP + 8MP + 2MP | 16MP Front Camera5000 mAh Lithium Polymer BatteryQualcomm Snapdragon 695 5G Processor1 Year on Handset and 6 Months on Accessories,4.1
22,"POCO M4 Pro 5G (Yellow, 128 GB)","₹18,999","8 GB RAM | 128 GB ROM | Expandable Upto 1 TB16.76 cm (6.6 inch) Full HD+ Display50MP + 8MP | 16MP Front Camera5000 mAh Lithium-ion Polymer BatteryMediatek Dimensity 810 ProcessorOne Year for Handset, 6 Months for Accessories",4.2
23,"SAMSUNG Galaxy F14 5G (GOAT Green, 128 GB)","₹15,490","6 GB RAM | 128 GB ROM | Expandable Upto 1 TB16.76 cm (6.6 inch) Full HD+ Display50MP + 2MP | 13MP Front Camera6000 mAh BatteryExynos 1330, Octa Core Processor1 Year Manufacturer Warranty for Device and 6 Months Manufacturer Warranty for In-Box Accessories",4.2
24,"vivo T2x 5G (Aurora Gold, 128 GB)","₹12,999",4 GB RAM | 128 GB ROM16.71 cm (6.58 inch) Full HD+ Display50MP + 2MP | 8MP Front Camera5000 mAh BatteryDimensity 6020 Processor1 Year of Device & 6 Months for Inbox Accessories,4.2
25,"vivo T2x 5G (Glimmer Black, 128 GB)","₹13,999",6 GB RAM | 128 GB ROM16.71 cm (6.58 inch) Full HD+ Display50MP + 2MP | 8MP Front Camera5000 mAh BatteryDimensity 6020 Processor1 Year of Device & 6 Months for Inbox Accessories,4
26,"vivo T2x 5G (Glimmer Black, 128 GB)","₹15,999",8 GB RAM | 128 GB ROM16.71 cm (6.58 inch) Full HD+ Display50MP + 2MP | 8MP Front Camera5000 mAh BatteryDimensity 6020 Processor1 Year of Device & 6 Months for Inbox Accessories,3
27,"vivo T2x 5G (Marine Blue, 128 GB)","₹13,999",6 GB RAM | 128 GB ROM16.71 cm (6.58 inch) Full HD+ Display50MP + 2MP | 8MP Front Camera5000 mAh BatteryDimensity 6020 Processor1 Year of Device & 6 Months for Inbox Accessories,4.4
28,"vivo T2x 5G (Aurora Gold, 128 GB)","₹15,999",8 GB RAM | 128 GB ROM16.71 cm (6.58 inch) Full HD+ Display50MP + 2MP | 8MP Front Camera5000 mAh BatteryDimensity 6020 Processor1 Year of Device & 6 Months for Inbox Accessories,5
29,"vivo T2x 5G (Aurora Gold, 128 GB)","₹13,999",6 GB RAM | 128 GB ROM16.71 cm (6.58 inch) Full HD+ Display50MP + 2MP | 8MP Front Camera5000 mAh BatteryDimensity 6020 Processor1 Year of Device & 6 Months for Inbox Accessories,5
30,"vivo T2x 5G (Marine Blue, 128 GB)","₹12,999",4 GB RAM | 128 GB ROM16.71 cm (6.58 inch) Full HD+ Display50MP + 2MP | 8MP Front Camera5000 mAh BatteryDimensity 6020 Processor1 Year of Device & 6 Months for Inbox Accessories,4.2
31,"vivo T2x 5G (Marine Blue, 128 GB)","₹15,999",8 GB RAM | 128 GB ROM16.71 cm (6.58 inch) Full HD+ Display50MP + 2MP | 8MP Front Camera5000 mAh BatteryDimensity 6020 Processor1 Year of Device & 6 Months for Inbox Accessories,4
32,"vivo T2x 5G (Glimmer Black, 128 GB)","₹12,999",4 GB RAM | 128 GB ROM16.71 cm (6.58 inch) Full HD+ Display50MP + 2MP | 8MP Front Camera5000 mAh BatteryDimensity 6020 Processor1 Year of Device & 6 Months for Inbox Accessories,5
33,"POCO M4 5G (Yellow, 64 GB)","₹12,999",4 GB RAM | 64 GB ROM | Expandable Upto 512 GB16.71 cm (6.58 inch) Full HD+ Display50MP + 2MP | 8MP Front Camera5000 mAh Lithium Ion Polymer BatteryMediatek Dimensity 700 Processor1 Year Warranty for Handset and 6 Months for Accessories,4.5
34,"MOTOROLA G62 5G (Midnight Gray, 128 GB)","₹15,499",6 GB RAM | 128 GB ROM16.64 cm (6.55 inch) Full HD+ Display50MP + 8MP + 2MP | 16MP Front Camera5000 mAh Lithium Polymer BatteryQualcomm Snapdragon 695 5G Processor1 Year on Handset and 6 Months on Accessories,4
35,"APPLE iPhone 14 (Midnight, 128 GB)","₹70,999","128 GB ROM15.49 cm (6.1 inch) Super Retina XDR Display12MP + 12MP | 12MP Front CameraA15 Bionic Chip, 6 Core Processor Processor1 Year Warranty for Phone and 6 Months Warranty for In-Box Accessories",5
36,"POCO M4 5G (Yellow, 128 GB)","₹14,999",6 GB RAM | 128 GB ROM | Expandable Upto 512 GB16.71 cm (6.58 inch) Full HD+ Display50MP + 2MP | 8MP Front Camera5000 mAh Lithium Ion Polymer BatteryMediatek Dimensity 700 Processor1 Year Warranty for Handset and 6 Months for Accessories,4.2
37,"SAMSUNG Galaxy M33 5G (Emarld Brown, 128 GB)","₹16,288",6 GB RAM | 128 GB ROM16.76 cm (6.6 inch) Display50MP Rear Camera6000 mAh Battery1 Year Warranty,5
38,"vivo T2 5G (Velocity Wave, 128 GB)","₹18,999",6 GB RAM | 128 GB ROM16.21 cm (6.38 inch) Full HD+ Display64 MP (OIS) + 2MP | 16MP Front Camera4500 mAh BatterySnapdragon 695 Processor1 Year of Device & 6 Months for Inbox Accessories,5
39,"vivo T2 5G (Nitro Blaze, 128 GB)","₹20,999",8 GB RAM | 128 GB ROM16.21 cm (6.38 inch) Full HD+ Display64 MP (OIS) + 2MP | 16MP Front Camera4500 mAh BatterySnapdragon 695 Processor1 Year of Device & 6 Months for Inbox Accessories,4.5
40,"vivo T2 5G (Nitro Blaze, 128 GB)","₹18,999",6 GB RAM | 128 GB ROM16.21 cm (6.38 inch) Full HD+ Display64 MP (OIS) + 2MP | 16MP Front Camera4500 mAh BatterySnapdragon 695 Processor1 Year of Device & 6 Months for Inbox Accessories,4.5
41,"vivo T2 5G (Velocity Wave, 128 GB)","₹20,999",8 GB RAM | 128 GB ROM16.21 cm (6.38 inch) Full HD+ Display64 MP (OIS) + 2MP | 16MP Front Camera4500 mAh BatterySnapdragon 695 Processor1 Year of Device & 6 Months for Inbox Accessories,4.4
42,"MOTOROLA g73 5G (Midnight Blue, 128 GB)","₹16,999",8 GB RAM | 128 GB ROM | Expandable Upto 1 TB16.51 cm (6.5 inch) Full HD+ Display50MP + 8MP | 16MP Front Camera5000 mAh BatteryMediatek Dimensity 930 Processor1 Year Manufacturer Warranty for Phone and 6 Months Warranty for In the Box Accessories,4.5
43,"MOTOROLA G62 5G (Midnight Gray, 128 GB)","₹16,499",8 GB RAM | 128 GB ROM16.64 cm (6.55 inch) Full HD+ Display50MP + 8MP + 2MP | 16MP Front Camera5000 mAh Lithium Polymer BatteryQualcomm Snapdragon 695 5G Processor1 Year on Handset and 6 Months on Accessories,4.4
44,"POCO X5 5G (Supernova Green, 128 GB)","₹18,999",6 GB RAM | 128 GB ROM | Expandable Upto 1 TB16.94 cm (6.67 inch) Full HD+ Display48MP + 8MP + 2MP | 13MP Front Camera5000 mAh BatteryQualcomm Snapdragon 695 Processor1 Year Manufacturer Warranty for Phone and 6 Months Warranty for In the Box Accessories,4.5
45,"MOTOROLA G62 5G (Frosted Blue, 128 GB)","₹16,499",8 GB RAM | 128 GB ROM16.64 cm (6.55 inch) Full HD+ Display50MP + 8MP + 2MP | 16MP Front Camera5000 mAh Lithium Polymer BatteryQualcomm Snapdragon 695 5G Processor1 Year on Handset and 6 Months on Accessories,4.5
46,"POCO M4 Pro 5G (Yellow, 128 GB)","₹18,999","8 GB RAM | 128 GB ROM | Expandable Upto 1 TB16.76 cm (6.6 inch) Full HD+ Display50MP + 8MP | 16MP Front Camera5000 mAh Lithium-ion Polymer BatteryMediatek Dimensity 810 ProcessorOne Year for Handset, 6 Months for Accessories",4.4
47,"SAMSUNG Galaxy F14 5G (GOAT Green, 128 GB)","₹15,490","6 GB RAM | 128 GB ROM | Expandable Upto 1 TB16.76 cm (6.6 inch) Full HD+ Display50MP + 2MP | 13MP Front Camera6000 mAh BatteryExynos 1330, Octa Core Processor1 Year Manufacturer Warranty for Device and 6 Months Manufacturer Warranty for In-Box Accessories",4.5
48,"vivo T2x 5G (Aurora Gold, 128 GB)","₹12,999",4 GB RAM | 128 GB ROM16.71 cm (6.58 inch) Full HD+ Display50MP + 2MP | 8MP Front Camera5000 mAh BatteryDimensity 6020 Processor1 Year of Device & 6 Months for Inbox Accessories,4.2
49,"vivo T2x 5G (Glimmer Black, 128 GB)","₹13,999",6 GB RAM | 128 GB ROM16.71 cm (6.58 inch) Full HD+ Display50MP + 2MP | 8MP Front Camera5000 mAh BatteryDimensity 6020 Processor1 Year of Device & 6 Months for Inbox Accessories,4.2
50,"vivo T2x 5G (Glimmer Black, 128 GB)","₹15,999",8 GB RAM | 128 GB ROM16.71 cm (6.58 inch) Full HD+ Display50MP + 2MP | 8MP Front Camera5000 mAh BatteryDimensity 6020 Processor1 Year of Device & 6 Months for Inbox Accessories,4.6
51,"vivo T2x 5G (Marine Blue, 128 GB)","₹13,999",6 GB RAM | 128 GB ROM16.71 cm (6.58 inch) Full HD+ Display50MP + 2MP | 8MP Front Camera5000 mAh BatteryDimensity 6020 Processor1 Year of Device & 6 Months for Inbox Accessories,4.2
52,"vivo T2x 5G (Aurora Gold, 128 GB)","₹15,999",8 GB RAM | 128 GB ROM16.71 cm (6.58 inch) Full HD+ Display50MP + 2MP | 8MP Front Camera5000 mAh BatteryDimensity 6020 Processor1 Year of Device & 6 Months for Inbox Accessories,4.2
53,"vivo T2x 5G (Aurora Gold, 128 GB)","₹13,999",6 GB RAM | 128 GB ROM16.71 cm (6.58 inch) Full HD+ Display50MP + 2MP | 8MP Front Camera5000 mAh BatteryDimensity 6020 Processor1 Year of Device & 6 Months for Inbox Accessories,4.5
54,"vivo T2x 5G (Marine Blue, 128 GB)","₹12,999",4 GB RAM | 128 GB ROM16.71 cm (6.58 inch) Full HD+ Display50MP + 2MP | 8MP Front Camera5000 mAh BatteryDimensity 6020 Processor1 Year of Device & 6 Months for Inbox Accessories,4.4
55,"vivo T2x 5G (Marine Blue, 128 GB)","₹15,999",8 GB RAM | 128 GB ROM16.71 cm (6.58 inch) Full HD+ Display50MP + 2MP | 8MP Front Camera5000 mAh BatteryDimensity 6020 Processor1 Year of Device & 6 Months for Inbox Accessories,4.5
56,"vivo T2x 5G (Glimmer Black, 128 GB)","₹12,999",4 GB RAM | 128 GB ROM16.71 cm (6.58 inch) Full HD+ Display50MP + 2MP | 8MP Front Camera5000 mAh BatteryDimensity 6020 Processor1 Year of Device & 6 Months for Inbox Accessories,4.4
57,"POCO M4 5G (Yellow, 64 GB)","₹12,999",4 GB RAM | 64 GB ROM | Expandable Upto 512 GB16.71 cm (6.58 inch) Full HD+ Display50MP + 2MP | 8MP Front Camera5000 mAh Lithium Ion Polymer BatteryMediatek Dimensity 700 Processor1 Year Warranty for Handset and 6 Months for Accessories,3.9
58,"MOTOROLA G62 5G (Midnight Gray, 128 GB)","₹15,499",6 GB RAM | 128 GB ROM16.64 cm (6.55 inch) Full HD+ Display50MP + 8MP + 2MP | 16MP Front Camera5000 mAh Lithium Polymer BatteryQualcomm Snapdragon 695 5G Processor1 Year on Handset and 6 Months on Accessories,4.1
59,"APPLE iPhone 14 (Midnight, 128 GB)","₹70,999","128 GB ROM15.49 cm (6.1 inch) Super Retina XDR Display12MP + 12MP | 12MP Front CameraA15 Bionic Chip, 6 Core Processor Processor1 Year Warranty for Phone and 6 Months Warranty for In-Box Accessories",4.2
60,"POCO M4 5G (Yellow, 128 GB)","₹14,999",6 GB RAM | 128 GB ROM | Expandable Upto 512 GB16.71 cm (6.58 inch) Full HD+ Display50MP + 2MP | 8MP Front Camera5000 mAh Lithium Ion Polymer BatteryMediatek Dimensity 700 Processor1 Year Warranty for Handset and 6 Months for Accessories,4.1
61,"SAMSUNG Galaxy M33 5G (Emarld Brown, 128 GB)","₹16,288",6 GB RAM | 128 GB ROM16.76 cm (6.6 inch) Display50MP Rear Camera6000 mAh Battery1 Year Warranty,4.2
62,"vivo T2 5G (Velocity Wave, 128 GB)","₹18,999",6 GB RAM | 128 GB ROM16.21 cm (6.38 inch) Full HD+ Display64 MP (OIS) + 2MP | 16MP Front Camera4500 mAh BatterySnapdragon 695 Processor1 Year of Device & 6 Months for Inbox Accessories,4.2
63,"vivo T2 5G (Nitro Blaze, 128 GB)","₹20,999",8 GB RAM | 128 GB ROM16.21 cm (6.38 inch) Full HD+ Display64 MP (OIS) + 2MP | 16MP Front Camera4500 mAh BatterySnapdragon 695 Processor1 Year of Device & 6 Months for Inbox Accessories,4.2
64,"vivo T2 5G (Nitro Blaze, 128 GB)","₹18,999",6 GB RAM | 128 GB ROM16.21 cm (6.38 inch) Full HD+ Display64 MP (OIS) + 2MP | 16MP Front Camera4500 mAh BatterySnapdragon 695 Processor1 Year of Device & 6 Months for Inbox Accessories,4
65,"vivo T2 5G (Velocity Wave, 128 GB)","₹20,999",8 GB RAM | 128 GB ROM16.21 cm (6.38 inch) Full HD+ Display64 MP (OIS) + 2MP | 16MP Front Camera4500 mAh BatterySnapdragon 695 Processor1 Year of Device & 6 Months for Inbox Accessories,3
66,"MOTOROLA g73 5G (Midnight Blue, 128 GB)","₹16,999",8 GB RAM | 128 GB ROM | Expandable Upto 1 TB16.51 cm (6.5 inch) Full HD+ Display50MP + 8MP | 16MP Front Camera5000 mAh BatteryMediatek Dimensity 930 Processor1 Year Manufacturer Warranty for Phone and 6 Months Warranty for In the Box Accessories,4.4
67,"MOTOROLA G62 5G (Midnight Gray, 128 GB)","₹16,499",8 GB RAM | 128 GB ROM16.64 cm (6.55 inch) Full HD+ Display50MP + 8MP + 2MP | 16MP Front Camera5000 mAh Lithium Polymer BatteryQualcomm Snapdragon 695 5G Processor1 Year on Handset and 6 Months on Accessories,5
68,"POCO X5 5G (Supernova Green, 128 GB)","₹18,999",6 GB RAM | 128 GB ROM | Expandable Upto 1 TB16.94 cm (6.67 inch) Full HD+ Display48MP + 8MP + 2MP | 13MP Front Camera5000 mAh BatteryQualcomm Snapdragon 695 Processor1 Year Manufacturer Warranty for Phone and 6 Months Warranty for In the Box Accessories,5
69,"MOTOROLA G62 5G (Frosted Blue, 128 GB)","₹16,499",8 GB RAM | 128 GB ROM16.64 cm (6.55 inch) Full HD+ Display50MP + 8MP + 2MP | 16MP Front Camera5000 mAh Lithium Polymer BatteryQualcomm Snapdragon 695 5G Processor1 Year on Handset and 6 Months on Accessories,4.2
70,"POCO M4 Pro 5G (Yellow, 128 GB)","₹18,999","8 GB RAM | 128 GB ROM | Expandable Upto 1 TB16.76 cm (6.6 inch) Full HD+ Display50MP + 8MP | 16MP Front Camera5000 mAh Lithium-ion Polymer BatteryMediatek Dimensity 810 ProcessorOne Year for Handset, 6 Months for Accessories",4
71,"SAMSUNG Galaxy F14 5G (GOAT Green, 128 GB)","₹15,490","6 GB RAM | 128 GB ROM | Expandable Upto 1 TB16.76 cm (6.6 inch) Full HD+ Display50MP + 2MP | 13MP Front Camera6000 mAh BatteryExynos 1330, Octa Core Processor1 Year Manufacturer Warranty for Device and 6 Months Manufacturer Warranty for In-Box Accessories",5
72,"vivo T2x 5G (Aurora Gold, 128 GB)","₹13,999",6 GB RAM | 128 GB ROM16.71 cm (6.58 inch) Full HD+ Display50MP + 2MP | 8MP Front Camera5000 mAh BatteryDimensity 6020 Processor1 Year of Device & 6 Months for Inbox Accessories,4.5
73,"vivo T2x 5G (Glimmer Black, 128 GB)","₹15,999",8 GB RAM | 128 GB ROM16.71 cm (6.58 inch) Full HD+ Display50MP + 2MP | 8MP Front Camera5000 mAh BatteryDimensity 6020 Processor1 Year of Device & 6 Months for Inbox Accessories,4
74,"vivo T2x 5G (Marine Blue, 128 GB)","₹13,999",6 GB RAM | 128 GB ROM16.71 cm (6.58 inch) Full HD+ Display50MP + 2MP | 8MP Front Camera5000 mAh BatteryDimensity 6020 Processor1 Year of Device & 6 Months for Inbox Accessories,5
75,"vivo T2x 5G (Glimmer Black, 128 GB)","₹13,999",6 GB RAM | 128 GB ROM16.71 cm (6.58 inch) Full HD+ Display50MP + 2MP | 8MP Front Camera5000 mAh BatteryDimensity 6020 Processor1 Year of Device & 6 Months for Inbox Accessories,4.2
76,"vivo T2x 5G (Aurora Gold, 128 GB)","₹15,999",8 GB RAM | 128 GB ROM16.71 cm (6.58 inch) Full HD+ Display50MP + 2MP | 8MP Front Camera5000 mAh BatteryDimensity 6020 Processor1 Year of Device & 6 Months for Inbox Accessories,5
77,"vivo T2x 5G (Marine Blue, 128 GB)","₹15,999",8 GB RAM | 128 GB ROM16.71 cm (6.58 inch) Full HD+ Display50MP + 2MP | 8MP Front Camera5000 mAh BatteryDimensity 6020 Processor1 Year of Device & 6 Months for Inbox Accessories,5
78,"vivo T2x 5G (Marine Blue, 128 GB)","₹12,999",4 GB RAM | 128 GB ROM16.71 cm (6.58 inch) Full HD+ Display50MP + 2MP | 8MP Front Camera5000 mAh BatteryDimensity 6020 Processor1 Year of Device & 6 Months for Inbox Accessories,4.5
79,"vivo T2x 5G (Aurora Gold, 128 GB)","₹12,999",4 GB RAM | 128 GB ROM16.71 cm (6.58 inch) Full HD+ Display50MP + 2MP | 8MP Front Camera5000 mAh BatteryDimensity 6020 Processor1 Year of Device & 6 Months for Inbox Accessories,4.5
80,"vivo T2x 5G (Glimmer Black, 128 GB)","₹12,999",4 GB RAM | 128 GB ROM16.71 cm (6.58 inch) Full HD+ Display50MP + 2MP | 8MP Front Camera5000 mAh BatteryDimensity 6020 Processor1 Year of Device & 6 Months for Inbox Accessories,4.4
81,"vivo T2 5G (Nitro Blaze, 128 GB)","₹20,999",8 GB RAM | 128 GB ROM16.21 cm (6.38 inch) Full HD+ Display64 MP (OIS) + 2MP | 16MP Front Camera4500 mAh BatterySnapdragon 695 Processor1 Year of Device & 6 Months for Inbox Accessories,4.5
82,"vivo T2 5G (Velocity Wave, 128 GB)","₹18,999",6 GB RAM | 128 GB ROM16.21 cm (6.38 inch) Full HD+ Display64 MP (OIS) + 2MP | 16MP Front Camera4500 mAh BatterySnapdragon 695 Processor1 Year of Device & 6 Months for Inbox Accessories,4.4
83,"vivo T2 5G (Nitro Blaze, 128 GB)","₹18,999",6 GB RAM | 128 GB ROM16.21 cm (6.38 inch) Full HD+ Display64 MP (OIS) + 2MP | 16MP Front Camera4500 mAh BatterySnapdragon 695 Processor1 Year of Device & 6 Months for Inbox Accessories,4.5
84,"vivo T2 5G (Velocity Wave, 128 GB)","₹20,999",8 GB RAM | 128 GB ROM16.21 cm (6.38 inch) Full HD+ Display64 MP (OIS) + 2MP | 16MP Front Camera4500 mAh BatterySnapdragon 695 Processor1 Year of Device & 6 Months for Inbox Accessories,4.5
85,"SAMSUNG Galaxy M33 5G (Emarld Brown, 128 GB)","₹16,289",6 GB RAM | 128 GB ROM16.76 cm (6.6 inch) Display50MP Rear Camera6000 mAh Battery1 Year Warranty,4.4
86,"MOTOROLA G62 5G (Midnight Gray, 128 GB)","₹15,499",6 GB RAM | 128 GB ROM16.64 cm (6.55 inch) Full HD+ Display50MP + 8MP + 2MP | 16MP Front Camera5000 mAh Lithium Polymer BatteryQualcomm Snapdragon 695 5G Processor1 Year on Handset and 6 Months on Accessories,4.5
87,"APPLE iPhone 14 (Midnight, 128 GB)","₹70,999","128 GB ROM15.49 cm (6.1 inch) Super Retina XDR Display12MP + 12MP | 12MP Front CameraA15 Bionic Chip, 6 Core Processor Processor1 Year Warranty for Phone and 6 Months Warranty for In-Box Accessories",4.2
88,"POCO M4 5G (Yellow, 64 GB)","₹12,999",4 GB RAM | 64 GB ROM | Expandable Upto 512 GB16.71 cm (6.58 inch) Full HD+ Display50MP + 2MP | 8MP Front Camera5000 mAh Lithium Ion Polymer BatteryMediatek Dimensity 700 Processor1 Year Warranty for Handset and 6 Months for Accessories,4.2
89,"MOTOROLA g73 5G (Midnight Blue, 128 GB)","₹16,999",8 GB RAM | 128 GB ROM | Expandable Upto 1 TB16.51 cm (6.5 inch) Full HD+ Display50MP + 8MP | 16MP Front Camera5000 mAh BatteryMediatek Dimensity 930 Processor1 Year Manufacturer Warranty for Phone and 6 Months Warranty for In the Box Accessories,4.6
90,"POCO M4 5G (Yellow, 128 GB)","₹14,999",6 GB RAM | 128 GB ROM | Expandable Upto 512 GB16.71 cm (6.58 inch) Full HD+ Display50MP + 2MP | 8MP Front Camera5000 mAh Lithium Ion Polymer BatteryMediatek Dimensity 700 Processor1 Year Warranty for Handset and 6 Months for Accessories,4.2
91,"MOTOROLA G62 5G (Midnight Gray, 128 GB)","₹16,499",8 GB RAM | 128 GB ROM16.64 cm (6.55 inch) Full HD+ Display50MP + 8MP + 2MP | 16MP Front Camera5000 mAh Lithium Polymer BatteryQualcomm Snapdragon 695 5G Processor1 Year on Handset and 6 Months on Accessories,4.2
92,"SAMSUNG Galaxy F14 5G (OMG Black, 128 GB)","₹15,490","6 GB RAM | 128 GB ROM | Expandable Upto 1 TB16.76 cm (6.6 inch) Full HD+ Display50MP + 2MP | 13MP Front Camera6000 mAh BatteryExynos 1330, Octa Core Processor1 Year Manufacturer Warranty for Device and 6 Months Manufacturer Warranty for In-Box Accessories",4.5
93,"MOTOROLA G62 5G (Frosted Blue, 128 GB)","₹16,499",8 GB RAM | 128 GB ROM16.64 cm (6.55 inch) Full HD+ Display50MP + 8MP + 2MP | 16MP Front Camera5000 mAh Lithium Polymer BatteryQualcomm Snapdragon 695 5G Processor1 Year on Handset and 6 Months on Accessories,4.4
94,"MOTOROLA G62 5G (Frosted Blue, 128 GB)","₹15,499",6 GB RAM | 128 GB ROM16.64 cm (6.55 inch) Full HD+ Display50MP + 8MP + 2MP | 16MP Front Camera5000 mAh Lithium Polymer BatteryQualcomm Snapdragon 695 5G Processor1 Year on Handset and 6 Months on Accessories,4.5
95,"SAMSUNG Galaxy F14 5G (GOAT Green, 128 GB)","₹15,490","6 GB RAM | 128 GB ROM | Expandable Upto 1 TB16.76 cm (6.6 inch) Full HD+ Display50MP + 2MP | 13MP Front Camera6000 mAh BatteryExynos 1330, Octa Core Processor1 Year Manufacturer Warranty for Device and 6 Months Manufacturer Warranty for In-Box Accessories",4.4
96,"vivo T2x 5G (Aurora Gold, 128 GB)","₹13,999",6 GB RAM | 128 GB ROM16.71 cm (6.58 inch) Full HD+ Display50MP + 2MP | 8MP Front Camera5000 mAh BatteryDimensity 6020 Processor1 Year of Device & 6 Months for Inbox Accessories,3.9
97,"vivo T2x 5G (Glimmer Black, 128 GB)","₹15,999",8 GB RAM | 128 GB ROM16.71 cm (6.58 inch) Full HD+ Display50MP + 2MP | 8MP Front Camera5000 mAh BatteryDimensity 6020 Processor1 Year of Device & 6 Months for Inbox Accessories,4.1
98,"vivo T2x 5G (Marine Blue, 128 GB)","₹13,999",6 GB RAM | 128 GB ROM16.71 cm (6.58 inch) Full HD+ Display50MP + 2MP | 8MP Front Camera5000 mAh BatteryDimensity 6020 Processor1 Year of Device & 6 Months for Inbox Accessories,4.2
99,"vivo T2x 5G (Glimmer Black, 128 GB)","₹13,999",6 GB RAM | 128 GB ROM16.71 cm (6.58 inch) Full HD+ Display50MP + 2MP | 8MP Front Camera5000 mAh BatteryDimensity 6020 Processor1 Year of Device & 6 Months for Inbox Accessories,4.1
100,"vivo T2x 5G (Aurora Gold, 128 GB)","₹15,999",8 GB RAM | 128 GB ROM16.71 cm (6.58 inch) Full HD+ Display50MP + 2MP | 8MP Front Camera5000 mAh BatteryDimensity 6020 Processor1 Year of Device & 6 Months for Inbox Accessories,4.2
101,"vivo T2x 5G (Marine Blue, 128 GB)","₹15,999",8 GB RAM | 128 GB ROM16.71 cm (6.58 inch) Full HD+ Display50MP + 2MP | 8MP Front Camera5000 mAh BatteryDimensity 6020 Processor1 Year of Device & 6 Months for Inbox Accessories,4.2
102,"vivo T2x 5G (Marine Blue, 128 GB)","₹12,999",4 GB RAM | 128 GB ROM16.71 cm (6.58 inch) Full HD+ Display50MP + 2MP | 8MP Front Camera5000 mAh BatteryDimensity 6020 Processor1 Year of Device & 6 Months for Inbox Accessories,4.2
103,"vivo T2x 5G (Aurora Gold, 128 GB)","₹12,999",4 GB RAM | 128 GB ROM16.71 cm (6.58 inch) Full HD+ Display50MP + 2MP | 8MP Front Camera5000 mAh BatteryDimensity 6020 Processor1 Year of Device & 6 Months for Inbox Accessories,4
104,"vivo T2x 5G (Glimmer Black, 128 GB)","₹12,999",4 GB RAM | 128 GB ROM16.71 cm (6.58 inch) Full HD+ Display50MP + 2MP | 8MP Front Camera5000 mAh BatteryDimensity 6020 Processor1 Year of Device & 6 Months for Inbox Accessories,3
105,"vivo T2 5G (Nitro Blaze, 128 GB)","₹20,999",8 GB RAM | 128 GB ROM16.21 cm (6.38 inch) Full HD+ Display64 MP (OIS) + 2MP | 16MP Front Camera4500 mAh BatterySnapdragon 695 Processor1 Year of Device & 6 Months for Inbox Accessories,4.4
106,"vivo T2 5G (Velocity Wave, 128 GB)","₹18,999",6 GB RAM | 128 GB ROM16.21 cm (6.38 inch) Full HD+ Display64 MP (OIS) + 2MP | 16MP Front Camera4500 mAh BatterySnapdragon 695 Processor1 Year of Device & 6 Months for Inbox Accessories,5
107,"vivo T2 5G (Nitro Blaze, 128 GB)","₹18,999",6 GB RAM | 128 GB ROM16.21 cm (6.38 inch) Full HD+ Display64 MP (OIS) + 2MP | 16MP Front Camera4500 mAh BatterySnapdragon 695 Processor1 Year of Device & 6 Months for Inbox Accessories,5
108,"vivo T2 5G (Velocity Wave, 128 GB)","₹20,999",8 GB RAM | 128 GB ROM16.21 cm (6.38 inch) Full HD+ Display64 MP (OIS) + 2MP | 16MP Front Camera4500 mAh BatterySnapdragon 695 Processor1 Year of Device & 6 Months for Inbox Accessories,4.2
109,"SAMSUNG Galaxy M33 5G (Emarld Brown, 128 GB)","₹16,289",6 GB RAM | 128 GB ROM16.76 cm (6.6 inch) Display50MP Rear Camera6000 mAh Battery1 Year Warranty,4
110,"MOTOROLA G62 5G (Midnight Gray, 128 GB)","₹15,499",6 GB RAM | 128 GB ROM16.64 cm (6.55 inch) Full HD+ Display50MP + 8MP + 2MP | 16MP Front Camera5000 mAh Lithium Polymer BatteryQualcomm Snapdragon 695 5G Processor1 Year on Handset and 6 Months on Accessories,5
111,"APPLE iPhone 14 (Midnight, 128 GB)","₹70,999","128 GB ROM15.49 cm (6.1 inch) Super Retina XDR Display12MP + 12MP | 12MP Front CameraA15 Bionic Chip, 6 Core Processor Processor1 Year Warranty for Phone and 6 Months Warranty for In-Box Accessories",4.5
112,"POCO M4 5G (Yellow, 64 GB)","₹12,999",4 GB RAM | 64 GB ROM | Expandable Upto 512 GB16.71 cm (6.58 inch) Full HD+ Display50MP + 2MP | 8MP Front Camera5000 mAh Lithium Ion Polymer BatteryMediatek Dimensity 700 Processor1 Year Warranty for Handset and 6 Months for Accessories,4
113,"MOTOROLA g73 5G (Midnight Blue, 128 GB)","₹16,999",8 GB RAM | 128 GB ROM | Expandable Upto 1 TB16.51 cm (6.5 inch) Full HD+ Display50MP + 8MP | 16MP Front Camera5000 mAh BatteryMediatek Dimensity 930 Processor1 Year Manufacturer Warranty for Phone and 6 Months Warranty for In the Box Accessories,5
114,"POCO M4 5G (Yellow, 128 GB)","₹14,999",6 GB RAM | 128 GB ROM | Expandable Upto 512 GB16.71 cm (6.58 inch) Full HD+ Display50MP + 2MP | 8MP Front Camera5000 mAh Lithium Ion Polymer BatteryMediatek Dimensity 700 Processor1 Year Warranty for Handset and 6 Months for Accessories,4.2
115,"MOTOROLA G62 5G (Midnight Gray, 128 GB)","₹16,499",8 GB RAM | 128 GB ROM16.64 cm (6.55 inch) Full HD+ Display50MP + 8MP + 2MP | 16MP Front Camera5000 mAh Lithium Polymer BatteryQualcomm Snapdragon 695 5G Processor1 Year on Handset and 6 Months on Accessories,5
116,"SAMSUNG Galaxy F14 5G (OMG Black, 128 GB)","₹15,490","6 GB RAM | 128 GB ROM | Expandable Upto 1 TB16.76 cm (6.6 inch) Full HD+ Display50MP + 2MP | 13MP Front Camera6000 mAh BatteryExynos 1330, Octa Core Processor1 Year Manufacturer Warranty for Device and 6 Months Manufacturer Warranty for In-Box Accessories",5
117,"MOTOROLA G62 5G (Frosted Blue, 128 GB)","₹16,499",8 GB RAM | 128 GB ROM16.64 cm (6.55 inch) Full HD+ Display50MP + 8MP + 2MP | 16MP Front Camera5000 mAh Lithium Polymer BatteryQualcomm Snapdragon 695 5G Processor1 Year on Handset and 6 Months on Accessories,4.5
118,"MOTOROLA G62 5G (Frosted Blue, 128 GB)","₹15,499",6 GB RAM | 128 GB ROM16.64 cm (6.55 inch) Full HD+ Display50MP + 8MP + 2MP | 16MP Front Camera5000 mAh Lithium Polymer BatteryQualcomm Snapdragon 695 5G Processor1 Year on Handset and 6 Months on Accessories,4.4
119,"SAMSUNG Galaxy F14 5G (GOAT Green, 128 GB)","₹15,490","6 GB RAM | 128 GB ROM | Expandable Upto 1 TB16.76 cm (6.6 inch) Full HD+ Display50MP + 2MP | 13MP Front Camera6000 mAh BatteryExynos 1330, Octa Core Processor1 Year Manufacturer Warranty for Device and 6 Months Manufacturer Warranty for In-Box Accessories",4.5
120,"vivo T2x 5G (Aurora Gold, 128 GB)","₹13,999",6 GB RAM | 128 GB ROM16.71 cm (6.58 inch) Full HD+ Display50MP + 2MP | 8MP Front Camera5000 mAh BatteryDimensity 6020 Processor1 Year of Device & 6 Months for Inbox Accessories,4.5
121,"vivo T2x 5G (Glimmer Black, 128 GB)","₹15,999",8 GB RAM | 128 GB ROM16.71 cm (6.58 inch) Full HD+ Display50MP + 2MP | 8MP Front Camera5000 mAh BatteryDimensity 6020 Processor1 Year of Device & 6 Months for Inbox Accessories,4.4
122,"vivo T2x 5G (Marine Blue, 128 GB)","₹13,999",6 GB RAM | 128 GB ROM16.71 cm (6.58 inch) Full HD+ Display50MP + 2MP | 8MP Front Camera5000 mAh BatteryDimensity 6020 Processor1 Year of Device & 6 Months for Inbox Accessories,4.4
123,"vivo T2x 5G (Glimmer Black, 128 GB)","₹13,999",6 GB RAM | 128 GB ROM16.71 cm (6.58 inch) Full HD+ Display50MP + 2MP | 8MP Front Camera5000 mAh BatteryDimensity 6020 Processor1 Year of Device & 6 Months for Inbox Accessories,4.5
124,"vivo T2x 5G (Aurora Gold, 128 GB)","₹15,999",8 GB RAM | 128 GB ROM16.71 cm (6.58 inch) Full HD+ Display50MP + 2MP | 8MP Front Camera5000 mAh BatteryDimensity 6020 Processor1 Year of Device & 6 Months for Inbox Accessories,4.5
125,"vivo T2x 5G (Marine Blue, 128 GB)","₹15,999",8 GB RAM | 128 GB ROM16.71 cm (6.58 inch) Full HD+ Display50MP + 2MP | 8MP Front Camera5000 mAh BatteryDimensity 6020 Processor1 Year of Device & 6 Months for Inbox Accessories,4.5
126,"vivo T2x 5G (Marine Blue, 128 GB)","₹12,999",4 GB RAM | 128 GB ROM16.71 cm (6.58 inch) Full HD+ Display50MP + 2MP | 8MP Front Camera5000 mAh BatteryDimensity 6020 Processor1 Year of Device & 6 Months for Inbox Accessories,4.4
127,"vivo T2x 5G (Aurora Gold, 128 GB)","₹12,999",4 GB RAM | 128 GB ROM16.71 cm (6.58 inch) Full HD+ Display50MP + 2MP | 8MP Front Camera5000 mAh BatteryDimensity 6020 Processor1 Year of Device & 6 Months for Inbox Accessories,4.5
128,"vivo T2x 5G (Glimmer Black, 128 GB)","₹12,999",4 GB RAM | 128 GB ROM16.71 cm (6.58 inch) Full HD+ Display50MP + 2MP | 8MP Front Camera5000 mAh BatteryDimensity 6020 Processor1 Year of Device & 6 Months for Inbox Accessories,4.5
129,"vivo T2 5G (Nitro Blaze, 128 GB)","₹20,999",8 GB RAM | 128 GB ROM16.21 cm (6.38 inch) Full HD+ Display64 MP (OIS) + 2MP | 16MP Front Camera4500 mAh BatterySnapdragon 695 Processor1 Year of Device & 6 Months for Inbox Accessories,4.4
130,"vivo T2 5G (Velocity Wave, 128 GB)","₹18,999",6 GB RAM | 128 GB ROM16.21 cm (6.38 inch) Full HD+ Display64 MP (OIS) + 2MP | 16MP Front Camera4500 mAh BatterySnapdragon 695 Processor1 Year of Device & 6 Months for Inbox Accessories,4.2
131,"vivo T2 5G (Nitro Blaze, 128 GB)","₹18,999",6 GB RAM | 128 GB ROM16.21 cm (6.38 inch) Full HD+ Display64 MP (OIS) + 2MP | 16MP Front Camera4500 mAh BatterySnapdragon 695 Processor1 Year of Device & 6 Months for Inbox Accessories,4.2
132,"vivo T2 5G (Velocity Wave, 128 GB)","₹20,999",8 GB RAM | 128 GB ROM16.21 cm (6.38 inch) Full HD+ Display64 MP (OIS) + 2MP | 16MP Front Camera4500 mAh BatterySnapdragon 695 Processor1 Year of Device & 6 Months for Inbox Accessories,4.6
133,"SAMSUNG Galaxy M33 5G (Emarld Brown, 128 GB)","₹16,289",6 GB RAM | 128 GB ROM16.76 cm (6.6 inch) Display50MP Rear Camera6000 mAh Battery1 Year Warranty,4.2
134,"MOTOROLA G62 5G (Midnight Gray, 128 GB)","₹15,499",6 GB RAM | 128 GB ROM16.64 cm (6.55 inch) Full HD+ Display50MP + 8MP + 2MP | 16MP Front Camera5000 mAh Lithium Polymer BatteryQualcomm Snapdragon 695 5G Processor1 Year on Handset and 6 Months on Accessories,3.9
135,"APPLE iPhone 14 (Midnight, 128 GB)","₹70,999","128 GB ROM15.49 cm (6.1 inch) Super Retina XDR Display12MP + 12MP | 12MP Front CameraA15 Bionic Chip, 6 Core Processor Processor1 Year Warranty for Phone and 6 Months Warranty for In-Box Accessories",4.2
136,"POCO M4 5G (Yellow, 64 GB)","₹12,999",4 GB RAM | 64 GB ROM | Expandable Upto 512 GB16.71 cm (6.58 inch) Full HD+ Display50MP + 2MP | 8MP Front Camera5000 mAh Lithium Ion Polymer BatteryMediatek Dimensity 700 Processor1 Year Warranty for Handset and 6 Months for Accessories,4.1
137,"MOTOROLA g73 5G (Midnight Blue, 128 GB)","₹16,999",8 GB RAM | 128 GB ROM | Expandable Upto 1 TB16.51 cm (6.5 inch) Full HD+ Display50MP + 8MP | 16MP Front Camera5000 mAh BatteryMediatek Dimensity 930 Processor1 Year Manufacturer Warranty for Phone and 6 Months Warranty for In the Box Accessories,4.2
138,"POCO M4 5G (Yellow, 128 GB)","₹14,999",6 GB RAM | 128 GB ROM | Expandable Upto 512 GB16.71 cm (6.58 inch) Full HD+ Display50MP + 2MP | 8MP Front Camera5000 mAh Lithium Ion Polymer BatteryMediatek Dimensity 700 Processor1 Year Warranty for Handset and 6 Months for Accessories,4.1
139,"MOTOROLA G62 5G (Midnight Gray, 128 GB)","₹16,499",8 GB RAM | 128 GB ROM16.64 cm (6.55 inch) Full HD+ Display50MP + 8MP + 2MP | 16MP Front Camera5000 mAh Lithium Polymer BatteryQualcomm Snapdragon 695 5G Processor1 Year on Handset and 6 Months on Accessories,4.2
140,"SAMSUNG Galaxy F14 5G (OMG Black, 128 GB)","₹15,490","6 GB RAM | 128 GB ROM | Expandable Upto 1 TB16.76 cm (6.6 inch) Full HD+ Display50MP + 2MP | 13MP Front Camera6000 mAh BatteryExynos 1330, Octa Core Processor1 Year Manufacturer Warranty for Device and 6 Months Manufacturer Warranty for In-Box Accessories",4.2
141,"MOTOROLA G62 5G (Frosted Blue, 128 GB)","₹16,499",8 GB RAM | 128 GB ROM16.64 cm (6.55 inch) Full HD+ Display50MP + 8MP + 2MP | 16MP Front Camera5000 mAh Lithium Polymer BatteryQualcomm Snapdragon 695 5G Processor1 Year on Handset and 6 Months on Accessories,4.2
142,"MOTOROLA G62 5G (Frosted Blue, 128 GB)","₹15,499",6 GB RAM | 128 GB ROM16.64 cm (6.55 inch) Full HD+ Display50MP + 8MP + 2MP | 16MP Front Camera5000 mAh Lithium Polymer BatteryQualcomm Snapdragon 695 5G Processor1 Year on Handset and 6 Months on Accessories,4
143,"SAMSUNG Galaxy F14 5G (GOAT Green, 128 GB)","₹15,490","6 GB RAM | 128 GB ROM | Expandable Upto 1 TB16.76 cm (6.6 inch) Full HD+ Display50MP + 2MP | 13MP Front Camera6000 mAh BatteryExynos 1330, Octa Core Processor1 Year Manufacturer Warranty for Device and 6 Months Manufacturer Warranty for In-Box Accessories",3
144,"vivo T2x 5G (Glimmer Black, 128 GB)","₹13,999",6 GB RAM | 128 GB ROM16.71 cm (6.58 inch) Full HD+ Display50MP + 2MP | 8MP Front Camera5000 mAh BatteryDimensity 6020 Processor1 Year of Device & 6 Months for Inbox Accessories,4.2
145,"vivo T2x 5G (Glimmer Black, 128 GB)","₹15,999",8 GB RAM | 128 GB ROM16.71 cm (6.58 inch) Full HD+ Display50MP + 2MP | 8MP Front Camera5000 mAh BatteryDimensity 6020 Processor1 Year of Device & 6 Months for Inbox Accessories,3
146,"vivo T2x 5G (Marine Blue, 128 GB)","₹13,999",6 GB RAM | 128 GB ROM16.71 cm (6.58 inch) Full HD+ Display50MP + 2MP | 8MP Front Camera5000 mAh BatteryDimensity 6020 Processor1 Year of Device & 6 Months for Inbox Accessories,5
147,"vivo T2x 5G (Aurora Gold, 128 GB)","₹13,999",6 GB RAM | 128 GB ROM16.71 cm (6.58 inch) Full HD+ Display50MP + 2MP | 8MP Front Camera5000 mAh BatteryDimensity 6020 Processor1 Year of Device & 6 Months for Inbox Accessories,4.4
148,"vivo T2x 5G (Marine Blue, 128 GB)","₹15,999",8 GB RAM | 128 GB ROM16.71 cm (6.58 inch) Full HD+ Display50MP + 2MP | 8MP Front Camera5000 mAh BatteryDimensity 6020 Processor1 Year of Device & 6 Months for Inbox Accessories,5
149,"vivo T2x 5G (Aurora Gold, 128 GB)","₹15,999",8 GB RAM | 128 GB ROM16.71 cm (6.58 inch) Full HD+ Display50MP + 2MP | 8MP Front Camera5000 mAh BatteryDimensity 6020 Processor1 Year of Device & 6 Months for Inbox Accessories,5
150,"vivo T2x 5G (Aurora Gold, 128 GB)","₹12,999",4 GB RAM | 128 GB ROM16.71 cm (6.58 inch) Full HD+ Display50MP + 2MP | 8MP Front Camera5000 mAh BatteryDimensity 6020 Processor1 Year of Device & 6 Months for Inbox Accessories,4.5
151,"vivo T2x 5G (Glimmer Black, 128 GB)","₹12,999",4 GB RAM | 128 GB ROM16.71 cm (6.58 inch) Full HD+ Display50MP + 2MP | 8MP Front Camera5000 mAh BatteryDimensity 6020 Processor1 Year of Device & 6 Months for Inbox Accessories,4
152,"vivo T2x 5G (Marine Blue, 128 GB)","₹12,999",4 GB RAM | 128 GB ROM16.71 cm (6.58 inch) Full HD+ Display50MP + 2MP | 8MP Front Camera5000 mAh BatteryDimensity 6020 Processor1 Year of Device & 6 Months for Inbox Accessories,5
153,"vivo T2 5G (Nitro Blaze, 128 GB)","₹20,999",8 GB RAM | 128 GB ROM16.21 cm (6.38 inch) Full HD+ Display64 MP (OIS) + 2MP | 16MP Front Camera4500 mAh BatterySnapdragon 695 Processor1 Year of Device & 6 Months for Inbox Accessories,4.2
154,"vivo T2 5G (Velocity Wave, 128 GB)","₹18,999",6 GB RAM | 128 GB ROM16.21 cm (6.38 inch) Full HD+ Display64 MP (OIS) + 2MP | 16MP Front Camera4500 mAh BatterySnapdragon 695 Processor1 Year of Device & 6 Months for Inbox Accessories,5
155,"vivo T2 5G (Nitro Blaze, 128 GB)","₹18,999",6 GB RAM | 128 GB ROM16.21 cm (6.38 inch) Full HD+ Display64 MP (OIS) + 2MP | 16MP Front Camera4500 mAh BatterySnapdragon 695 Processor1 Year of Device & 6 Months for Inbox Accessories,5
156,"vivo T2 5G (Velocity Wave, 128 GB)","₹20,999",8 GB RAM | 128 GB ROM16.21 cm (6.38 inch) Full HD+ Display64 MP (OIS) + 2MP | 16MP Front Camera4500 mAh BatterySnapdragon 695 Processor1 Year of Device & 6 Months for Inbox Accessories,4.5
157,"SAMSUNG Galaxy M33 5G (Emarld Brown, 128 GB)","₹16,289",6 GB RAM | 128 GB ROM16.76 cm (6.6 inch) Display50MP Rear Camera6000 mAh Battery1 Year Warranty,4.4
158,"MOTOROLA G62 5G (Midnight Gray, 128 GB)","₹15,499",6 GB RAM | 128 GB ROM16.64 cm (6.55 inch) Full HD+ Display50MP + 8MP + 2MP | 16MP Front Camera5000 mAh Lithium Polymer BatteryQualcomm Snapdragon 695 5G Processor1 Year on Handset and 6 Months on Accessories,4.5
159,"APPLE iPhone 14 (Midnight, 128 GB)","₹70,999","128 GB ROM15.49 cm (6.1 inch) Super Retina XDR Display12MP + 12MP | 12MP Front CameraA15 Bionic Chip, 6 Core Processor Processor1 Year Warranty for Phone and 6 Months Warranty for In-Box Accessories",4.5
160,"POCO M4 5G (Yellow, 64 GB)","₹12,999",4 GB RAM | 64 GB ROM | Expandable Upto 512 GB16.71 cm (6.58 inch) Full HD+ Display50MP + 2MP | 8MP Front Camera5000 mAh Lithium Ion Polymer BatteryMediatek Dimensity 700 Processor1 Year Warranty for Handset and 6 Months for Accessories,4.4
161,"MOTOROLA g73 5G (Midnight Blue, 128 GB)","₹16,999",8 GB RAM | 128 GB ROM | Expandable Upto 1 TB16.51 cm (6.5 inch) Full HD+ Display50MP + 8MP | 16MP Front Camera5000 mAh BatteryMediatek Dimensity 930 Processor1 Year Manufacturer Warranty for Phone and 6 Months Warranty for In the Box Accessories,4.4
162,"POCO M4 5G (Yellow, 128 GB)","₹14,999",6 GB RAM | 128 GB ROM | Expandable Upto 512 GB16.71 cm (6.58 inch) Full HD+ Display50MP + 2MP | 8MP Front Camera5000 mAh Lithium Ion Polymer BatteryMediatek Dimensity 700 Processor1 Year Warranty for Handset and 6 Months for Accessories,4.5
163,"MOTOROLA G62 5G (Midnight Gray, 128 GB)","₹16,499",8 GB RAM | 128 GB ROM16.64 cm (6.55 inch) Full HD+ Display50MP + 8MP + 2MP | 16MP Front Camera5000 mAh Lithium Polymer BatteryQualcomm Snapdragon 695 5G Processor1 Year on Handset and 6 Months on Accessories,4.5
164,"SAMSUNG Galaxy F14 5G (OMG Black, 128 GB)","₹15,490","6 GB RAM | 128 GB ROM | Expandable Upto 1 TB16.76 cm (6.6 inch) Full HD+ Display50MP + 2MP | 13MP Front Camera6000 mAh BatteryExynos 1330, Octa Core Processor1 Year Manufacturer Warranty for Device and 6 Months Manufacturer Warranty for In-Box Accessories",4.5
165,"MOTOROLA G62 5G (Frosted Blue, 128 GB)","₹15,499",6 GB RAM | 128 GB ROM16.64 cm (6.55 inch) Full HD+ Display50MP + 8MP + 2MP | 16MP Front Camera5000 mAh Lithium Polymer BatteryQualcomm Snapdragon 695 5G Processor1 Year on Handset and 6 Months on Accessories,4.4
166,"SAMSUNG Galaxy F14 5G (GOAT Green, 128 GB)","₹15,490","6 GB RAM | 128 GB ROM | Expandable Upto 1 TB16.76 cm (6.6 inch) Full HD+ Display50MP + 2MP | 13MP Front Camera6000 mAh BatteryExynos 1330, Octa Core Processor1 Year Manufacturer Warranty for Device and 6 Months Manufacturer Warranty for In-Box Accessories",4.5
167,"MOTOROLA G62 5G (Frosted Blue, 128 GB)","₹16,499",8 GB RAM | 128 GB ROM16.64 cm (6.55 inch) Full HD+ Display50MP + 8MP + 2MP | 16MP Front Camera5000 mAh Lithium Polymer BatteryQualcomm Snapdragon 695 5G Processor1 Year on Handset and 6 Months on Accessories,4.5
168,"vivo T2x 5G (Aurora Gold, 128 GB)","₹12,999",4 GB RAM | 128 GB ROM16.71 cm (6.58 inch) Full HD+ Display50MP + 2MP | 8MP Front Camera5000 mAh BatteryDimensity 6020 Processor1 Year of Device & 6 Months for Inbox Accessories,4.4
169,"vivo T2x 5G (Glimmer Black, 128 GB)","₹13,999",6 GB RAM | 128 GB ROM16.71 cm (6.58 inch) Full HD+ Display50MP + 2MP | 8MP Front Camera5000 mAh BatteryDimensity 6020 Processor1 Year of Device & 6 Months for Inbox Accessories,4.2
170,"vivo T2x 5G (Glimmer Black, 128 GB)","₹15,999",8 GB RAM | 128 GB ROM16.71 cm (6.58 inch) Full HD+ Display50MP + 2MP | 8MP Front Camera5000 mAh BatteryDimensity 6020 Processor1 Year of Device & 6 Months for Inbox Accessories,4.2
171,"vivo T2x 5G (Marine Blue, 128 GB)","₹13,999",6 GB RAM | 128 GB ROM16.71 cm (6.58 inch) Full HD+ Display50MP + 2MP | 8MP Front Camera5000 mAh BatteryDimensity 6020 Processor1 Year of Device & 6 Months for Inbox Accessories,4.6
172,"vivo T2x 5G (Aurora Gold, 128 GB)","₹15,999",8 GB RAM | 128 GB ROM16.71 cm (6.58 inch) Full HD+ Display50MP + 2MP | 8MP Front Camera5000 mAh BatteryDimensity 6020 Processor1 Year of Device & 6 Months for Inbox Accessories,4.2
173,"vivo T2x 5G (Aurora Gold, 128 GB)","₹13,999",6 GB RAM | 128 GB ROM16.71 cm (6.58 inch) Full HD+ Display50MP + 2MP | 8MP Front Camera5000 mAh BatteryDimensity 6020 Processor1 Year of Device & 6 Months for Inbox Accessories,3.9
174,"vivo T2x 5G (Marine Blue, 128 GB)","₹12,999",4 GB RAM | 128 GB ROM16.71 cm (6.58 inch) Full HD+ Display50MP + 2MP | 8MP Front Camera5000 mAh BatteryDimensity 6020 Processor1 Year of Device & 6 Months for Inbox Accessories,4.2
175,"vivo T2x 5G (Marine Blue, 128 GB)","₹15,999",8 GB RAM | 128 GB ROM16.71 cm (6.58 inch) Full HD+ Display50MP + 2MP | 8MP Front Camera5000 mAh BatteryDimensity 6020 Processor1 Year of Device & 6 Months for Inbox Accessories,4.1
176,"vivo T2x 5G (Glimmer Black, 128 GB)","₹12,999",4 GB RAM | 128 GB ROM16.71 cm (6.58 inch) Full HD+ Display50MP + 2MP | 8MP Front Camera5000 mAh BatteryDimensity 6020 Processor1 Year of Device & 6 Months for Inbox Accessories,4.2
177,"POCO M4 5G (Yellow, 64 GB)","₹12,999",4 GB RAM | 64 GB ROM | Expandable Upto 512 GB16.71 cm (6.58 inch) Full HD+ Display50MP + 2MP | 8MP Front Camera5000 mAh Lithium Ion Polymer BatteryMediatek Dimensity 700 Processor1 Year Warranty for Handset and 6 Months for Accessories,4.1
178,"MOTOROLA G62 5G (Midnight Gray, 128 GB)","₹15,499",6 GB RAM | 128 GB ROM16.64 cm (6.55 inch) Full HD+ Display50MP + 8MP + 2MP | 16MP Front Camera5000 mAh Lithium Polymer BatteryQualcomm Snapdragon 695 5G Processor1 Year on Handset and 6 Months on Accessories,4.2
179,"APPLE iPhone 14 (Midnight, 128 GB)","₹70,999","128 GB ROM15.49 cm (6.1 inch) Super Retina XDR Display12MP + 12MP | 12MP Front CameraA15 Bionic Chip, 6 Core Processor Processor1 Year Warranty for Phone and 6 Months Warranty for In-Box Accessories",4.2
180,"POCO M4 5G (Yellow, 128 GB)","₹14,999",6 GB RAM | 128 GB ROM | Expandable Upto 512 GB16.71 cm (6.58 inch) Full HD+ Display50MP + 2MP | 8MP Front Camera5000 mAh Lithium Ion Polymer BatteryMediatek Dimensity 700 Processor1 Year Warranty for Handset and 6 Months for Accessories,4.2
181,"SAMSUNG Galaxy M33 5G (Emarld Brown, 128 GB)","₹16,288",6 GB RAM | 128 GB ROM16.76 cm (6.6 inch) Display50MP Rear Camera6000 mAh Battery1 Year Warranty,4
182,"vivo T2 5G (Velocity Wave, 128 GB)","₹18,999",6 GB RAM | 128 GB ROM16.21 cm (6.38 inch) Full HD+ Display64 MP (OIS) + 2MP | 16MP Front Camera4500 mAh BatterySnapdragon 695 Processor1 Year of Device & 6 Months for Inbox Accessories,3
183,"vivo T2 5G (Nitro Blaze, 128 GB)","₹20,999",8 GB RAM | 128 GB ROM16.21 cm (6.38 inch) Full HD+ Display64 MP (OIS) + 2MP | 16MP Front Camera4500 mAh BatterySnapdragon 695 Processor1 Year of Device & 6 Months for Inbox Accessories,4.2
184,"vivo T2 5G (Nitro Blaze, 128 GB)","₹18,999",6 GB RAM | 128 GB ROM16.21 cm (6.38 inch) Full HD+ Display64 MP (OIS) + 2MP | 16MP Front Camera4500 mAh BatterySnapdragon 695 Processor1 Year of Device & 6 Months for Inbox Accessories,3
185,"vivo T2 5G (Velocity Wave, 128 GB)","₹20,999",8 GB RAM | 128 GB ROM16.21 cm (6.38 inch) Full HD+ Display64 MP (OIS) + 2MP | 16MP Front Camera4500 mAh BatterySnapdragon 695 Processor1 Year of Device & 6 Months for Inbox Accessories,5
186,"MOTOROLA g73 5G (Midnight Blue, 128 GB)","₹16,999",8 GB RAM | 128 GB ROM | Expandable Upto 1 TB16.51 cm (6.5 inch) Full HD+ Display50MP + 8MP | 16MP Front Camera5000 mAh BatteryMediatek Dimensity 930 Processor1 Year Manufacturer Warranty for Phone and 6 Months Warranty for In the Box Accessories,4.4
187,"MOTOROLA G62 5G (Midnight Gray, 128 GB)","₹16,499",8 GB RAM | 128 GB ROM16.64 cm (6.55 inch) Full HD+ Display50MP + 8MP + 2MP | 16MP Front Camera5000 mAh Lithium Polymer BatteryQualcomm Snapdragon 695 5G Processor1 Year on Handset and 6 Months on Accessories,5
188,"POCO X5 5G (Supernova Green, 128 GB)","₹18,999",6 GB RAM | 128 GB ROM | Expandable Upto 1 TB16.94 cm (6.67 inch) Full HD+ Display48MP + 8MP + 2MP | 13MP Front Camera5000 mAh BatteryQualcomm Snapdragon 695 Processor1 Year Manufacturer Warranty for Phone and 6 Months Warranty for In the Box Accessories,5
189,"MOTOROLA G62 5G (Frosted Blue, 128 GB)","₹16,499",8 GB RAM | 128 GB ROM16.64 cm (6.55 inch) Full HD+ Display50MP + 8MP + 2MP | 16MP Front Camera5000 mAh Lithium Polymer BatteryQualcomm Snapdragon 695 5G Processor1 Year on Handset and 6 Months on Accessories,4.5
190,"POCO M4 Pro 5G (Yellow, 128 GB)","₹18,999","8 GB RAM | 128 GB ROM | Expandable Upto 1 TB16.76 cm (6.6 inch) Full HD+ Display50MP + 8MP | 16MP Front Camera5000 mAh Lithium-ion Polymer BatteryMediatek Dimensity 810 ProcessorOne Year for Handset, 6 Months for Accessories",4
191,"SAMSUNG Galaxy F14 5G (GOAT Green, 128 GB)","₹15,490","6 GB RAM | 128 GB ROM | Expandable Upto 1 TB16.76 cm (6.6 inch) Full HD+ Display50MP + 2MP | 13MP Front Camera6000 mAh BatteryExynos 1330, Octa Core Processor1 Year Manufacturer Warranty for Device and 6 Months Manufacturer Warranty for In-Box Accessories",5
192,"vivo T2x 5G (Aurora Gold, 128 GB)","₹12,999",4 GB RAM | 128 GB ROM16.71 cm (6.58 inch) Full HD+ Display50MP + 2MP | 8MP Front Camera5000 mAh BatteryDimensity 6020 Processor1 Year of Device & 6 Months for Inbox Accessories,4.2
193,"vivo T2x 5G (Glimmer Black, 128 GB)","₹13,999",6 GB RAM | 128 GB ROM16.71 cm (6.58 inch) Full HD+ Display50MP + 2MP | 8MP Front Camera5000 mAh BatteryDimensity 6020 Processor1 Year of Device & 6 Months for Inbox Accessories,5
194,"vivo T2x 5G (Glimmer Black, 128 GB)","₹15,999",8 GB RAM | 128 GB ROM16.71 cm (6.58 inch) Full HD+ Display50MP + 2MP | 8MP Front Camera5000 mAh BatteryDimensity 6020 Processor1 Year of Device & 6 Months for Inbox Accessories,5
195,"vivo T2x 5G (Marine Blue, 128 GB)","₹13,999",6 GB RAM | 128 GB ROM16.71 cm (6.58 inch) Full HD+ Display50MP + 2MP | 8MP Front Camera5000 mAh BatteryDimensity 6020 Processor1 Year of Device & 6 Months for Inbox Accessories,4.5
196,"vivo T2x 5G (Aurora Gold, 128 GB)","₹15,999",8 GB RAM | 128 GB ROM16.71 cm (6.58 inch) Full HD+ Display50MP + 2MP | 8MP Front Camera5000 mAh BatteryDimensity 6020 Processor1 Year of Device & 6 Months for Inbox Accessories,4.4
197,"vivo T2x 5G (Aurora Gold, 128 GB)","₹13,999",6 GB RAM | 128 GB ROM16.71 cm (6.58 inch) Full HD+ Display50MP + 2MP | 8MP Front Camera5000 mAh BatteryDimensity 6020 Processor1 Year of Device & 6 Months for Inbox Accessories,4.5
198,"vivo T2x 5G (Marine Blue, 128 GB)","₹12,999",4 GB RAM | 128 GB ROM16.71 cm (6.58 inch) Full HD+ Display50MP + 2MP | 8MP Front Camera5000 mAh BatteryDimensity 6020 Processor1 Year of Device & 6 Months for Inbox Accessories,4.5
199,"vivo T2x 5G (Marine Blue, 128 GB)","₹15,999",8 GB RAM | 128 GB ROM16.71 cm (6.58 inch) Full HD+ Display50MP + 2MP | 8MP Front Camera5000 mAh BatteryDimensity 6020 Processor1 Year of Device & 6 Months for Inbox Accessories,4.4
200,"vivo T2x 5G (Glimmer Black, 128 GB)","₹12,999",4 GB RAM | 128 GB ROM16.71 cm (6.58 inch) Full HD+ Display50MP + 2MP | 8MP Front Camera5000 mAh BatteryDimensity 6020 Processor1 Year of Device & 6 Months for Inbox Accessories,4.4
201,"POCO M4 5G (Yellow, 64 GB)","₹12,999",4 GB RAM | 64 GB ROM | Expandable Upto 512 GB16.71 cm (6.58 inch) Full HD+ Display50MP + 2MP | 8MP Front Camera5000 mAh Lithium Ion Polymer BatteryMediatek Dimensity 700 Processor1 Year Warranty for Handset and 6 Months for Accessories,4.5
202,"MOTOROLA G62 5G (Midnight Gray, 128 GB)","₹15,499",6 GB RAM | 128 GB ROM16.64 cm (6.55 inch) Full HD+ Display50MP + 8MP + 2MP | 16MP Front Camera5000 mAh Lithium Polymer BatteryQualcomm Snapdragon 695 5G Processor1 Year on Handset and 6 Months on Accessories,4.5
203,"APPLE iPhone 14 (Midnight, 128 GB)","₹70,999","128 GB ROM15.49 cm (6.1 inch) Super Retina XDR Display12MP + 12MP | 12MP Front CameraA15 Bionic Chip, 6 Core Processor Processor1 Year Warranty for Phone and 6 Months Warranty for In-Box Accessories",4.5
204,"POCO M4 5G (Yellow, 128 GB)","₹14,999",6 GB RAM | 128 GB ROM | Expandable Upto 512 GB16.71 cm (6.58 inch) Full HD+ Display50MP + 2MP | 8MP Front Camera5000 mAh Lithium Ion Polymer BatteryMediatek Dimensity 700 Processor1 Year Warranty for Handset and 6 Months for Accessories,4.4
205,"SAMSUNG Galaxy M33 5G (Emarld Brown, 128 GB)","₹16,288",6 GB RAM | 128 GB ROM16.76 cm (6.6 inch) Display50MP Rear Camera6000 mAh Battery1 Year Warranty,4.5
206,"vivo T2 5G (Velocity Wave, 128 GB)","₹18,999",6 GB RAM | 128 GB ROM16.21 cm (6.38 inch) Full HD+ Display64 MP (OIS) + 2MP | 16MP Front Camera4500 mAh BatterySnapdragon 695 Processor1 Year of Device & 6 Months for Inbox Accessories,4.5
207,"vivo T2 5G (Nitro Blaze, 128 GB)","₹20,999",8 GB RAM | 128 GB ROM16.21 cm (6.38 inch) Full HD+ Display64 MP (OIS) + 2MP | 16MP Front Camera4500 mAh BatterySnapdragon 695 Processor1 Year of Device & 6 Months for Inbox Accessories,4.4
208,"vivo T2 5G (Nitro Blaze, 128 GB)","₹18,999",6 GB RAM | 128 GB ROM16.21 cm (6.38 inch) Full HD+ Display64 MP (OIS) + 2MP | 16MP Front Camera4500 mAh BatterySnapdragon 695 Processor1 Year of Device & 6 Months for Inbox Accessories,4.2
209,"vivo T2 5G (Velocity Wave, 128 GB)","₹20,999",8 GB RAM | 128 GB ROM16.21 cm (6.38 inch) Full HD+ Display64 MP (OIS) + 2MP | 16MP Front Camera4500 mAh BatterySnapdragon 695 Processor1 Year of Device & 6 Months for Inbox Accessories,4.2
210,"MOTOROLA g73 5G (Midnight Blue, 128 GB)","₹16,999",8 GB RAM | 128 GB ROM | Expandable Upto 1 TB16.51 cm (6.5 inch) Full HD+ Display50MP + 8MP | 16MP Front Camera5000 mAh BatteryMediatek Dimensity 930 Processor1 Year Manufacturer Warranty for Phone and 6 Months Warranty for In the Box Accessories,4.6
211,"MOTOROLA G62 5G (Midnight Gray, 128 GB)","₹16,499",8 GB RAM | 128 GB ROM16.64 cm (6.55 inch) Full HD+ Display50MP + 8MP + 2MP | 16MP Front Camera5000 mAh Lithium Polymer BatteryQualcomm Snapdragon 695 5G Processor1 Year on Handset and 6 Months on Accessories,4.2
212,"POCO X5 5G (Supernova Green, 128 GB)","₹18,999",6 GB RAM | 128 GB ROM | Expandable Upto 1 TB16.94 cm (6.67 inch) Full HD+ Display48MP + 8MP + 2MP | 13MP Front Camera5000 mAh BatteryQualcomm Snapdragon 695 Processor1 Year Manufacturer Warranty for Phone and 6 Months Warranty for In the Box Accessories,3.9
213,"MOTOROLA G62 5G (Frosted Blue, 128 GB)","₹16,499",8 GB RAM | 128 GB ROM16.64 cm (6.55 inch) Full HD+ Display50MP + 8MP + 2MP | 16MP Front Camera5000 mAh Lithium Polymer BatteryQualcomm Snapdragon 695 5G Processor1 Year on Handset and 6 Months on Accessories,4.2
214,"POCO M4 Pro 5G (Yellow, 128 GB)","₹18,999","8 GB RAM | 128 GB ROM | Expandable Upto 1 TB16.76 cm (6.6 inch) Full HD+ Display50MP + 8MP | 16MP Front Camera5000 mAh Lithium-ion Polymer BatteryMediatek Dimensity 810 ProcessorOne Year for Handset, 6 Months for Accessories",4.1
215,"SAMSUNG Galaxy F14 5G (GOAT Green, 128 GB)","₹15,490","6 GB RAM | 128 GB ROM | Expandable Upto 1 TB16.76 cm (6.6 inch) Full HD+ Display50MP + 2MP | 13MP Front Camera6000 mAh BatteryExynos 1330, Octa Core Processor1 Year Manufacturer Warranty for Device and 6 Months Manufacturer Warranty for In-Box Accessories",4.2
216,"vivo T2x 5G (Aurora Gold, 128 GB)","₹12,999",4 GB RAM | 128 GB ROM16.71 cm (6.58 inch) Full HD+ Display50MP + 2MP | 8MP Front Camera5000 mAh BatteryDimensity 6020 Processor1 Year of Device & 6 Months for Inbox Accessories,4.1
217,"vivo T2x 5G (Glimmer Black, 128 GB)","₹13,999",6 GB RAM | 128 GB ROM16.71 cm (6.58 inch) Full HD+ Display50MP + 2MP | 8MP Front Camera5000 mAh BatteryDimensity 6020 Processor1 Year of Device & 6 Months for Inbox Accessories,4.2
218,"vivo T2x 5G (Glimmer Black, 128 GB)","₹15,999",8 GB RAM | 128 GB ROM16.71 cm (6.58 inch) Full HD+ Display50MP + 2MP | 8MP Front Camera5000 mAh BatteryDimensity 6020 Processor1 Year of Device & 6 Months for Inbox Accessories,4.2
219,"vivo T2x 5G (Marine Blue, 128 GB)","₹13,999",6 GB RAM | 128 GB ROM16.71 cm (6.58 inch) Full HD+ Display50MP + 2MP | 8MP Front Camera5000 mAh BatteryDimensity 6020 Processor1 Year of Device & 6 Months for Inbox Accessories,4.2
220,"vivo T2x 5G (Aurora Gold, 128 GB)","₹15,999",8 GB RAM | 128 GB ROM16.71 cm (6.58 inch) Full HD+ Display50MP + 2MP | 8MP Front Camera5000 mAh BatteryDimensity 6020 Processor1 Year of Device & 6 Months for Inbox Accessories,4
221,"vivo T2x 5G (Aurora Gold, 128 GB)","₹13,999",6 GB RAM | 128 GB ROM16.71 cm (6.58 inch) Full HD+ Display50MP + 2MP | 8MP Front Camera5000 mAh BatteryDimensity 6020 Processor1 Year of Device & 6 Months for Inbox Accessories,3
222,"vivo T2x 5G (Marine Blue, 128 GB)","₹12,999",4 GB RAM | 128 GB ROM16.71 cm (6.58 inch) Full HD+ Display50MP + 2MP | 8MP Front Camera5000 mAh BatteryDimensity 6020 Processor1 Year of Device & 6 Months for Inbox Accessories,4.2
223,"vivo T2x 5G (Marine Blue, 128 GB)","₹15,999",8 GB RAM | 128 GB ROM16.71 cm (6.58 inch) Full HD+ Display50MP + 2MP | 8MP Front Camera5000 mAh BatteryDimensity 6020 Processor1 Year of Device & 6 Months for Inbox Accessories,3
224,"vivo T2x 5G (Glimmer Black, 128 GB)","₹12,999",4 GB RAM | 128 GB ROM16.71 cm (6.58 inch) Full HD+ Display50MP + 2MP | 8MP Front Camera5000 mAh BatteryDimensity 6020 Processor1 Year of Device & 6 Months for Inbox Accessories,5
225,"POCO M4 5G (Yellow, 64 GB)","₹12,999",4 GB RAM | 64 GB ROM | Expandable Upto 512 GB16.71 cm (6.58 inch) Full HD+ Display50MP + 2MP | 8MP Front Camera5000 mAh Lithium Ion Polymer BatteryMediatek Dimensity 700 Processor1 Year Warranty for Handset and 6 Months for Accessories,4.4
226,"MOTOROLA G62 5G (Midnight Gray, 128 GB)","₹15,499",6 GB RAM | 128 GB ROM16.64 cm (6.55 inch) Full HD+ Display50MP + 8MP + 2MP | 16MP Front Camera5000 mAh Lithium Polymer BatteryQualcomm Snapdragon 695 5G Processor1 Year on Handset and 6 Months on Accessories,5
227,"APPLE iPhone 14 (Midnight, 128 GB)","₹70,999","128 GB ROM15.49 cm (6.1 inch) Super Retina XDR Display12MP + 12MP | 12MP Front CameraA15 Bionic Chip, 6 Core Processor Processor1 Year Warranty for Phone and 6 Months Warranty for In-Box Accessories",5
228,"POCO M4 5G (Yellow, 128 GB)","₹14,999",6 GB RAM | 128 GB ROM | Expandable Upto 512 GB16.71 cm (6.58 inch) Full HD+ Display50MP + 2MP | 8MP Front Camera5000 mAh Lithium Ion Polymer BatteryMediatek Dimensity 700 Processor1 Year Warranty for Handset and 6 Months for Accessories,4.5
229,"SAMSUNG Galaxy M33 5G (Emarld Brown, 128 GB)","₹16,288",6 GB RAM | 128 GB ROM16.76 cm (6.6 inch) Display50MP Rear Camera6000 mAh Battery1 Year Warranty,4
230,"vivo T2 5G (Velocity Wave, 128 GB)","₹18,999",6 GB RAM | 128 GB ROM16.21 cm (6.38 inch) Full HD+ Display64 MP (OIS) + 2MP | 16MP Front Camera4500 mAh BatterySnapdragon 695 Processor1 Year of Device & 6 Months for Inbox Accessories,5
231,"vivo T2 5G (Nitro Blaze, 128 GB)","₹20,999",8 GB RAM | 128 GB ROM16.21 cm (6.38 inch) Full HD+ Display64 MP (OIS) + 2MP | 16MP Front Camera4500 mAh BatterySnapdragon 695 Processor1 Year of Device & 6 Months for Inbox Accessories,4.2
232,"vivo T2 5G (Nitro Blaze, 128 GB)","₹18,999",6 GB RAM | 128 GB ROM16.21 cm (6.38 inch) Full HD+ Display64 MP (OIS) + 2MP | 16MP Front Camera4500 mAh BatterySnapdragon 695 Processor1 Year of Device & 6 Months for Inbox Accessories,5
233,"vivo T2 5G (Velocity Wave, 128 GB)","₹20,999",8 GB RAM | 128 GB ROM16.21 cm (6.38 inch) Full HD+ Display64 MP (OIS) + 2MP | 16MP Front Camera4500 mAh BatterySnapdragon 695 Processor1 Year of Device & 6 Months for Inbox Accessories,5
234,"MOTOROLA g73 5G (Midnight Blue, 128 GB)","₹16,999",8 GB RAM | 128 GB ROM | Expandable Upto 1 TB16.51 cm (6.5 inch) Full HD+ Display50MP + 8MP | 16MP Front Camera5000 mAh BatteryMediatek Dimensity 930 Processor1 Year Manufacturer Warranty for Phone and 6 Months Warranty for In the Box Accessories,4.5
235,"MOTOROLA G62 5G (Midnight Gray, 128 GB)","₹16,499",8 GB RAM | 128 GB ROM16.64 cm (6.55 inch) Full HD+ Display50MP + 8MP + 2MP | 16MP Front Camera5000 mAh Lithium Polymer BatteryQualcomm Snapdragon 695 5G Processor1 Year on Handset and 6 Months on Accessories,4.4
236,"POCO X5 5G (Supernova Green, 128 GB)","₹18,999",6 GB RAM | 128 GB ROM | Expandable Upto 1 TB16.94 cm (6.67 inch) Full HD+ Display48MP + 8MP + 2MP | 13MP Front Camera5000 mAh BatteryQualcomm Snapdragon 695 Processor1 Year Manufacturer Warranty for Phone and 6 Months Warranty for In the Box Accessories,4.5
237,"MOTOROLA G62 5G (Frosted Blue, 128 GB)","₹16,499",8 GB RAM | 128 GB ROM16.64 cm (6.55 inch) Full HD+ Display50MP + 8MP + 2MP | 16MP Front Camera5000 mAh Lithium Polymer BatteryQualcomm Snapdragon 695 5G Processor1 Year on Handset and 6 Months on Accessories,4.5
238,"POCO M4 Pro 5G (Yellow, 128 GB)","₹18,999","8 GB RAM | 128 GB ROM | Expandable Upto 1 TB16.76 cm (6.6 inch) Full HD+ Display50MP + 8MP | 16MP Front Camera5000 mAh Lithium-ion Polymer BatteryMediatek Dimensity 810 ProcessorOne Year for Handset, 6 Months for Accessories",4.4
239,"SAMSUNG Galaxy F14 5G (GOAT Green, 128 GB)","₹15,490","6 GB RAM | 128 GB ROM | Expandable Upto 1 TB16.76 cm (6.6 inch) Full HD+ Display50MP + 2MP | 13MP Front Camera6000 mAh BatteryExynos 1330, Octa Core Processor1 Year Manufacturer Warranty for Device and 6 Months Manufacturer Warranty for In-Box Accessories",4.4
